CPU,Memory,Disk,Network,Processes,Failure
38.708610696262625,59.07151351309236,35.70234102415436,67.2702994208898,205,0
90.56428757689245,76.55314642153955,34.81872794431999,79.66813971913723,120,1
70.87945476302646,92.774345957944,74.3752748312622,25.046789879249896,163,0
58.8792635777333,85.8790194340685,34.972771990970365,62.48740996069989,264,0
19.041677639819287,89.52149624521104,36.316983567717855,57.17459831437487,126,0
19.03950683025824,82.28038496882516,65.56389574507782,83.28303767882711,384,0
10.227525095137953,83.92155166137476,46.984390547032405,90.60870604812605,247,0
82.95585311974416,91.61058692670065,66.60263341731087,1.2156771477386807,380,1
59.10035105688879,62.23373243410011,23.921969453863113,67.40199190587927,263,0
68.7265320016441,73.98182321851388,49.25427162040306,5.1835799119729025,323,0
6.85260448662222,60.83926264916051,22.01681601099696,54.88586650773559,371,0
92.29188669457949,98.39573239183571,23.75919220732127,28.76327290436782,245,1
79.91983767203796,96.25890764464404,74.38624720066466,30.67765995221412,129,1
24.110519961044854,51.93191375705679,28.35472226705571,35.29585034523566,144,0
21.364247048639054,84.57318345326874,51.94524093651303,62.12924490496101,374,0
21.506405886809045,95.33716755336764,44.66573615604239,33.40499656687692,133,0
32.381801866358394,58.84819191123934,40.84059957553056,73.26990505902803,240,0
52.228078846901404,77.82931629707885,73.99000074123634,40.45273855738697,320,0
43.87505167779042,94.85892658181405,21.30940380652937,6.835320030995861,121,0
31.210622617823773,51.663352950704144,59.82738117053535,78.37598424841073,279,0
60.06676052501415,84.17359309509516,77.80366605281303,28.5758324592706,330,0
17.554447458683764,64.57010136125498,53.610091007710515,43.276687959926264,137,0
31.293018368169633,95.29541357344999,76.20934772198551,68.54438832219016,169,0
37.97256589643225,97.58185401310303,23.135472757161427,33.2456157148712,215,0
46.046298579533236,96.26905796655826,45.12759914444968,5.658565614671563,338,1
75.66583652537122,73.23649661621573,35.60946745772307,37.39210470128136,247,0
22.970640394252378,92.24008989847636,63.84925789884379,94.44485826943034,108,1
51.28109945722505,91.38292052821845,78.8778254298348,64.17343972985582,387,1
58.31731119758382,65.63592318891952,35.39180374665487,67.1479148667207,149,0
9.180537144799796,90.6168582333832,59.250476088444465,63.22821536376399,104,0
59.67903667112945,51.81337410105914,31.885857965584407,19.899213895943678,225,0
20.347171131856236,79.2172240456206,53.919815274296596,41.833386410228016,174,0
10.854643368675156,61.270433027097454,47.83594920130017,75.09397983633183,264,0
90.39969835279999,55.90777740308666,78.32031977789222,10.137289755315916,377,1
91.90688297671034,53.77070687983125,56.51163636178799,27.785277608971228,399,1
77.7557613304815,84.11815001802884,40.97038232520913,27.631910846585363,389,1
32.41523922560336,66.65387322463525,26.845747093276003,43.2018927594506,176,0
13.790490260574549,85.5135718049093,29.074809724096074,98.0368740942185,397,1
66.58097238609412,53.202460699148176,33.519015797074104,6.750254668382194,236,0
44.61372443656412,65.4492265536999,35.05799968041788,51.870099438059505,205,0
15.983441136030095,76.43507332639152,71.03696347046827,17.936468201221047,194,0
49.56592191001432,88.74543507710922,53.6733672969515,97.06765454097442,234,1
8.094966900369656,65.61887264367142,51.403454682461984,11.33035047274642,167,0
86.83883618709038,80.66867744541345,26.886132312153048,40.36010023615913,246,1
28.290198344001524,93.41290966357317,71.6083816009661,73.78849848346061,258,1
64.62700559185838,80.17729622093293,63.36885819250902,70.45544280274453,262,0
33.053996848046985,61.415014262928054,24.060101714000094,42.272863689393226,288,0
51.80612190600297,51.19563829627036,62.47010583378612,34.652416795271826,194,0
54.203925140895166,92.63484482114556,52.61229304055876,39.76123785528706,280,0
21.636900997297435,51.04220113166897,24.903520744806695,26.42762631586393,387,0
92.26261649881027,92.86038196152577,47.498038491719385,20.53329387067998,286,1
74.76195410250031,75.91791956733339,49.08177722780282,48.303969755889,237,0
89.55490474077702,96.01431722713191,29.946472409796545,26.853375606760732,229,1
85.5344615384884,89.1403785529096,76.74188882001694,28.746166489725013,293,1
58.810998092997664,98.89877141613354,70.99852228883972,65.67560634745571,372,1
87.96868115208052,67.1848789571338,60.1413402397465,96.85373316998923,243,1
12.964325184672756,87.59222615762522,47.73773366003643,60.363720055937506,115,0
22.638457617723066,69.69461476685287,44.70593249507051,7.697946706496628,344,0
9.070456001948425,73.51390539489154,59.05840802905725,7.558361385406698,206,0
34.27972976869379,80.74776769770014,52.725912164414325,95.1423220845566,187,0
39.98095607205338,92.8101785951306,23.736386352913136,29.729079030733363,228,0
29.421412859650633,98.22008999076546,50.7501589262199,9.206698608247542,103,0
79.58637582367363,87.64539727936139,68.38421703397037,59.90445871503815,194,1
37.10779940242303,70.47057232619935,47.55439265581748,62.36487782902661,308,0
30.28410587186427,70.64649311157643,23.117394653256106,64.85048201186882,324,0
53.84264748424236,86.14153277785567,67.17669196304199,26.74020278575413,146,0
17.683180247728636,61.70008014264681,32.08182692815846,1.5110684214475034,280,0
77.19772826786357,55.413231543438336,35.51725009328233,96.50153694544719,205,0
11.709557931179374,67.37648572439805,29.882381205937754,25.089304569110247,298,0
93.81982429404655,64.07471059105,39.81290389228985,67.60262880525475,205,0
74.50202923669917,64.51909790234352,65.4050903413181,70.66298698787095,379,0
22.884411338075516,61.44677980144559,51.16315157023624,61.00074170794857,359,0
5.496990541124216,52.062566292181735,32.29287644904275,31.290739421364822,207,0
78.39152856093507,50.875822801937275,72.66980468912246,27.109625376406576,118,0
68.61716094628554,98.39839709706555,72.77491129709175,59.76682827027031,395,1
70.61064512368885,70.96088355305726,72.23470550276042,86.60956336116915,270,0
74.41433120173512,68.8320057108244,34.32777268289236,94.67337289233956,294,0
11.664018656068134,83.30271685196041,47.07436065085929,10.590580440375764,111,0
37.261915568984534,60.694440505388144,79.0993793684525,15.482861259771985,294,0
15.428215357261674,96.54809801356103,66.32074857859942,94.47362587830797,382,1
82.67930832880342,88.53090570636205,21.63004527353359,73.65352283347926,281,1
61.096831414480214,54.38113911330072,23.912275475629524,88.29938248297731,243,0
34.78082223673843,70.46145801346148,47.835882608739965,20.263263413534315,281,0
10.720251525742128,93.07679707054606,74.55321235169362,58.758587110940184,129,0
32.9884089544096,96.29186909227911,52.32210787716285,70.11395944174737,183,1
34.266498982407235,72.90267405124362,49.868750482057415,68.01118854469726,265,0
70.66455605042577,80.05715807132468,26.328421997397836,40.81516908666981,383,0
62.38017242196918,58.184663358511685,59.40680628345764,1.5394891691308477,380,0
84.84914683186939,98.56726268071185,69.32618963601354,58.29260568042631,195,1
47.49934326457544,61.351913367788725,42.825200450453735,25.310153917960875,365,0
15.763482134447154,96.19385693262116,66.53671105551965,45.02542461428904,397,1
69.19203085006956,81.83268580062605,77.8685992340487,95.75810150838173,395,0
73.47065437552077,79.7791029490641,32.22598754766135,39.903531764243475,324,0
55.51494778125466,75.12173703980892,51.39977787168448,83.98016066644267,141,0
74.38704619591049,61.30282077417017,37.22827748507453,18.854060574925114,345,0
49.44160367279517,58.6498735682699,67.57126514203037,67.24604980250288,307,0
52.045954644379464,60.803824244438594,54.65560195286945,97.70069544389435,336,0
43.47869165226947,59.13547484506847,58.074945053018226,10.189310087293679,121,0
7.287721406968567,88.1996392047709,67.87484957695364,0.8319942227192012,284,0
14.7102284293974,67.15613769916978,43.75822835974729,43.35827926326144,341,0
7.828626711806082,52.83429115160642,74.90540410442259,9.26254830513672,382,0
62.27693701374024,97.48602887689975,51.9817320347684,74.83843496762313,140,1
33.2920382968694,93.30550836320785,29.47728937012088,91.45486638485589,261,1
50.77136220482325,95.45986187656544,61.75394709012815,43.402097270875885,259,0
86.68098265334837,98.75048330967533,67.59568102629527,25.871164215544095,188,1
27.436300623398743,58.520867211754876,39.0057006240516,43.44033190066098,111,0
41.93446307320668,69.41585892623027,71.43075541992518,72.3447817850001,172,0
72.99960246887439,87.15368530950047,74.36859528594599,0.9054161580370979,175,0
25.59183489424602,84.10501028463582,36.614269242668534,58.945398948469716,300,0
11.928191884591369,57.5408994106529,79.01128836291332,61.329168488737906,109,0
31.07763076223912,89.97582312454027,28.442691682925506,63.76882468959355,325,1
19.5099158528604,60.99758801999637,32.1209401041494,24.202207998087722,275,0
88.67278871083158,60.96706312630853,31.053490354281568,71.40527233781268,375,1
77.73083416079753,76.31174672177727,73.63938260047223,9.13914863317764,138,0
62.00633808593811,79.05405680724346,59.25755313949771,19.92703364668008,159,0
83.43145311689459,78.42422418405275,29.126256993336373,87.74700466544819,165,0
77.33048692092031,54.48285503248999,46.41940510210094,73.87231507265663,223,0
21.791305299743225,92.99558226888864,56.917881504188124,1.3745554011345251,263,0
85.330309864098,63.0144020868466,25.007845099362996,24.83762603698002,258,0
53.540801772408564,56.346231142857405,72.94498210444033,21.440648299316457,156,0
77.66961396476563,93.54865591357989,68.21621212649211,27.080632803697256,177,1
85.64821699311439,96.82692341325792,50.31240641459829,24.755977027988642,293,1
33.62031274746775,92.24425324600708,78.02759691555022,6.252629574284574,384,1
14.904673207490909,89.66628766151902,45.06565875650598,45.894051659682034,114,0
25.51416462877475,82.10685705131206,79.04661914218987,73.27334747861651,111,0
43.43970097636307,76.99201115984783,60.07519992821762,60.67317247174364,200,0
78.62132893302439,54.2623512356591,58.08027639523649,67.28716685980798,255,0
82.46575249307091,70.01420744046423,29.9572937177471,8.114917853623915,224,0
5.6256917478071635,68.26173733360338,72.91566549827864,95.14907101767872,379,0
50.967257231980916,62.72793540425599,45.649381275236905,83.84918338430248,209,0
42.56699028339011,85.44758557074067,29.734004346948762,80.50903184956627,245,1
24.98970294236572,74.29791101885976,20.75645119854554,82.29838050417675,315,0
15.787883060031453,53.97126457947475,53.585341018302955,93.27105081327613,261,0
35.385365426326516,60.788976895540756,51.64397732736058,54.42539661136977,227,0
89.86187335212672,83.4796794193202,63.16121734214951,20.02820178676259,249,1
34.088263881867974,53.730412115024706,73.41548318106813,61.678360785254114,135,0
51.691155956902946,91.70913878838967,24.76439507858177,74.2881493667939,272,1
68.27170630056601,74.26217982368475,63.88978942042174,73.79173933540254,121,0
37.726664214136456,73.54874228900576,31.244716645854933,52.14490241668801,305,0
92.46038744488646,79.02798144831637,71.49062318942984,6.845871933357806,226,0
91.62025654479001,90.40936733033232,69.14381083169937,37.11129384301278,316,1
27.660406624282775,67.04265118720747,52.44762529913266,92.07666084633573,195,0
49.75236553031469,83.22279147539412,62.61456791739869,58.4448909757426,263,0
32.07904788350927,77.72086623579376,38.861006791024906,53.83319432557134,247,0
30.635644493972084,63.08438523830164,48.27007393596888,26.885351438219352,117,0
8.319825261907951,93.05286933140275,69.2982138626283,36.84489199165789,393,1
59.860790058190716,89.07387505873947,47.55591183039283,89.53460891531692,294,1
50.24111209059753,82.26413989826284,41.46789591952651,66.64630475268358,250,0
9.633087612499041,91.67850472561786,49.65274683501799,78.73870267523328,222,1
30.07818178129503,92.49741584703031,69.6949551462331,45.434542306765515,286,0
86.74392973699884,84.70978585903671,40.11248284225236,63.024721945615795,248,1
26.560570160027517,91.01365308981994,30.425695588144627,24.838360874320752,203,0
18.04053848821008,84.1761016217949,62.72084121984685,70.54608302834863,342,0
49.05074842498067,83.32689781625473,69.55869276248491,42.76013337033373,330,0
93.70854086995406,80.31195753254403,26.038248711412,44.25455148147456,305,1
26.784974436035036,86.88311533832442,34.39244676535668,64.93223245768817,297,0
65.49219926652907,57.77165015936061,28.518319385659634,93.62806214689266,186,0
73.54576537958458,93.16266720074749,40.87648469493,6.400634660862092,241,0
26.38737895931597,92.72033285951636,47.021058734324754,82.47432373470076,298,1
70.53947137506736,51.433116868693396,64.92958021779839,29.238311041219312,145,0
38.10048194473279,90.46502077767337,59.06885509290045,44.391945450637785,387,1
61.90752475342215,56.314623506198814,57.25571404870587,2.1913328775008956,114,0
62.01767396848052,66.42082385869796,41.142496796579266,30.1046077834313,143,0
53.21972156672826,86.43190455828878,70.4868531850856,50.26312426301305,268,0
13.126079304896747,57.8772349063671,48.27723004388987,5.617607734743901,143,0
80.17722460303142,90.08038418183405,78.74629628090926,49.10957293831652,197,1
33.870205847456226,90.77457471992935,58.04852829774421,92.71106288584274,360,1
21.786665935986882,74.86591895428097,27.575884493870163,10.539321810780521,208,0
8.669762739928753,50.31290771412485,60.57065372452604,76.44407280755044,382,0
58.18036488694176,64.06486852557073,39.506240925901935,40.967105337599264,203,0
65.98079256580542,80.22941900041137,61.17963180116585,65.5173714524338,355,0
6.4929046035070535,98.07812272334375,24.178468889744344,26.023659798522935,305,1
51.088375246935286,80.95886282381676,30.492886230557563,15.949226254135828,142,0
25.384619767814417,62.730375472143834,71.34423553434718,16.046261427122644,344,0
63.06555113685049,81.06627945188096,33.63077342141089,7.049194564314465,386,0
20.69297861044923,76.45928360607692,70.22246751457641,18.564670490124303,372,0
67.18439642922193,88.21242436240604,36.75656530726462,66.42193849889682,182,0
39.806181167048365,55.24205130252096,58.572914603522456,88.16906118435081,209,0
89.30569898630611,87.29036722259937,61.64903441058986,81.41256855911618,289,1
17.376884973139394,76.5220623551294,50.759285188703174,68.51343098744842,387,0
35.695971594523265,97.18660818909073,38.31864060180388,11.043186341110268,350,1
15.212616911653017,66.75173613589561,32.75866258226577,28.918744629594983,311,0
88.22242564507064,80.99847276356346,21.991361273745575,30.980687532246897,390,1
83.9605418042883,95.66937716999085,38.23678407444343,24.99569463976212,232,1
28.214746494364004,55.02297667154328,59.18976743187698,51.50056597097231,300,0
64.39856414307611,95.9241958745861,76.29828910690895,53.55538148796726,384,1
78.54999801810942,83.70640039273985,72.27226893578313,35.68859751711102,194,0
54.96807304395161,53.324015896153426,65.96388659211816,35.3789158736436,377,0
52.66855205204058,64.74721478039399,67.30684059519791,82.85555979060814,318,0
26.76670618104065,84.7004323436188,59.89909420855972,78.92928483196856,188,0
13.37924910253093,53.30017947196981,35.61721145396018,30.779583168074566,171,0
85.74941821579941,78.52635254863739,74.43170184234978,91.37884438732593,346,1
86.03762514469975,66.94826979069488,60.243938714350044,95.2815017002506,228,1
61.979131154594114,80.42486037060638,53.6264378588264,32.67425420300408,311,0
35.51268119438306,52.24135965681313,26.659368152808867,35.442494879305485,195,0
36.428861715139476,92.70530350146643,46.82333262838553,50.56341534219588,174,0
70.33601109832155,97.70095948969245,47.62149627211558,94.11208125336735,153,1
85.73992339573194,97.47501490899887,71.87381657136021,87.63194331423115,153,1
84.83777818386056,86.73293975540331,52.798893211267306,10.25679625835898,317,1
75.18879912718614,56.37422576640097,42.824032938224576,39.27307432714162,115,0
62.7828481538859,87.15489660052211,78.60801971063955,55.33711897497719,198,0
12.572596849554394,51.204758906481274,26.64323559957894,50.313247255154,119,0
19.54658426851524,51.08405402492087,45.352905698716675,19.38630679368927,145,0
85.86987696743714,65.85690073832752,22.521480510284317,85.88167711681547,292,1
59.57861536936309,73.94351632982863,64.39424724601582,67.69407829968374,157,0
5.827734645496668,87.74996347258187,75.08459313194903,83.79083748518036,210,1
14.132438857942889,83.48147345371876,36.80223977302937,85.87642793494722,228,0
64.71515921972502,71.84923261246067,71.50050060794726,74.83558536657398,293,0
5.455542546159682,63.40770664780163,37.53309382771387,43.92106012497173,107,0
19.472724627574877,98.85910050772785,74.64620969863492,61.054675501542455,128,0
54.38604104299275,70.88288380956267,65.23771421580705,16.036540611974313,211,0
67.27056779234239,72.11796419215409,68.29440661048632,67.36454174749078,260,0
63.67651335523405,58.01756723839179,21.08039333602727,17.925325573928074,230,0
25.18423785145038,88.94566788874654,77.76862142444156,69.39495905101568,287,0
69.09612992127823,83.99042906329294,63.600259524219396,22.959816075396866,262,0
26.352417874712007,60.81771102664926,38.285065723168,11.755130015021997,296,0
34.285972834334096,54.03667123517629,69.76367989153081,16.52844901429574,303,0
72.18422646062217,83.34446580166095,36.891271904895795,0.1992135219070268,311,0
63.46696091424932,82.07104949977563,72.36523037396768,71.87396178535302,208,0
81.43010694447601,63.389716822912256,26.75482342471622,73.24010490583791,375,0
64.18516030703091,96.59231455027012,62.22115864764775,51.493334991325945,172,0
56.147774300192445,57.40183669726411,52.44190859869462,16.13628010553837,266,0
13.430729104528323,71.1844052510875,25.79206821172645,8.355433751068976,359,0
38.09442227534902,96.23718008821234,34.51362969553034,1.912896643728701,342,1
28.86821309135529,70.56663852937999,20.74424217663889,16.57481769652207,374,0
26.95906790411752,81.2877714355402,48.12607792787035,89.08555349831467,201,0
92.57094992772011,69.48212550017692,38.07591564560002,24.153684170168177,272,0
40.378795220008435,63.43654491508483,55.90144905786553,35.42713272172156,270,0
85.2841899659402,98.2149047500316,37.83426846251703,10.534548448133318,240,1
61.80247633975366,70.0573663094371,37.99514669041908,22.236130474817028,287,0
76.53301731874836,93.8108609802776,64.5915919238962,51.922457078020514,185,1
50.23733837946729,61.26777568866322,22.888570158701206,60.775268309565256,151,0
56.92134961637232,60.44213049722908,74.17369971151923,24.535231416621105,210,0
49.32659244369775,51.52557006134106,71.13583246347089,5.773215922511721,142,0
22.571868901824004,81.93167444341836,60.06828099358439,39.10328691273987,310,0
70.02069037353547,68.0577908424643,55.593294206443055,23.420337092633414,299,0
30.269512619677023,92.35355424214222,73.53814988837914,21.955392322980195,397,1
7.188436978830845,73.18728542788631,31.119810771722868,95.98628027134552,339,0
63.0925066316451,97.44147796782136,24.738149731449717,61.63004859257241,214,0
20.939961146634403,59.09075026945294,34.370610194572286,55.68784431720959,125,0
89.64127259176229,92.56253522982493,67.67469672201142,41.57751035233219,398,1
90.85357193023286,88.05324578679534,22.080216003589,42.89443334301443,176,1
87.33779511984037,87.77517038755855,54.968410105009376,54.090500383808084,236,1
38.31428302299,91.3943781777275,79.7262509714786,69.64298070361072,119,0
6.391095487598069,87.29017555620695,71.34176563025237,70.21460961818295,310,1
88.54867063289528,80.68479575993936,51.28674134261537,17.169390770544958,339,1
43.53657334855829,56.43099900643699,23.818454557198542,50.0112752076627,138,0
91.99893371393026,51.59378279507134,69.88241086314258,41.195809503410196,367,1
91.72579793803276,95.12154454296865,55.93871049063263,87.05269662693841,306,1
81.7708509920624,80.21586541151616,26.89597982357401,63.14189212183764,366,1
31.50040028626271,89.03032725783264,25.631437089401373,53.25040664159818,253,0
39.658795574173276,73.59459522411495,74.57760916619554,11.539464217891737,141,0
81.60230043651713,55.74810125915733,60.152015776284706,60.56378893234115,110,0
33.522980464064986,56.134103817924974,69.75720795900534,11.720390568023342,393,0
20.254347201748324,83.5926990742196,72.73873401693604,33.720657556575205,197,0
55.11211362125152,71.08498885007367,54.30634112289933,14.284196481433186,374,0
89.25392967447029,59.825711608316496,51.04678110530247,69.20736470243689,329,1
67.64268170074757,74.0881327903304,45.82564461925941,20.62521138361526,319,0
56.30550530804285,53.14623791668157,39.01679526746716,39.1859373188026,164,0
13.745884439369169,78.51659869380555,46.07575765152271,89.56747776187787,331,0
60.350650402925275,63.180676817319785,66.43277934380939,20.431638339897027,151,0
94.10484650938369,89.08039593122223,56.11540586090789,50.780506395877914,362,1
17.60756137128716,65.20773598725512,73.55139739729077,41.9271661166022,366,0
51.64966871273631,72.30578730500827,46.602800862751266,1.8124041045729733,253,0
83.96357647351599,50.56940645549693,56.425374723125245,79.27581135728128,239,0
71.6691755978784,53.54989750193339,57.87845318551932,6.904590631459973,150,0
67.73141668957412,69.23218426392756,55.501829738379534,47.42550209769536,216,0
68.22356755883983,73.51700290113905,62.15802638513098,56.06782949389499,145,0
37.35420360977797,79.40100685784589,34.246008102488375,62.842645661458704,187,0
31.423265983804402,64.29146635675586,50.741826652747434,68.86316293078755,307,0
77.84250399306623,84.05411242020058,26.25348816850086,25.327238352271507,368,1
77.91020552112627,92.14599746227103,43.07067965868875,0.9978776658449373,188,1
83.03650867220934,88.21269845577413,49.26002411727586,72.3443662354912,217,1
87.19164973008242,51.9413224420695,59.13345557272835,53.56565993475786,153,0
51.020815897484404,73.54484041563362,77.0318631551722,83.61177032072487,215,0
50.136466521847964,55.141578742490566,56.039063992901355,82.13883629006943,217,0
76.84656610700976,61.86020577726384,64.61563497059359,84.33261677878832,359,0
63.49675376999886,98.34646707009017,50.37596356971217,48.50946599795402,174,0
68.17701895319331,56.98228160217415,58.04624188257988,33.362839583686565,106,0
76.6213402492491,74.44551951911644,24.255932968026407,79.155820259137,221,0
85.10048076358096,80.28963098158783,35.26349485051082,45.12941130292549,110,1
35.41956411663823,84.42078355666109,41.711185592308325,18.34421964034345,314,0
38.802465737594964,77.42278549085879,48.349601300390816,85.49740195614743,378,0
13.45837458567821,50.47877152354,22.738924730143026,88.25598767723473,127,0
57.045212689655656,65.9966041039556,28.40144585319906,46.63097561401701,334,0
8.234804641706788,75.36787052585086,36.60885846747834,7.569972730978747,125,0
46.90382163192142,54.30545845809684,78.29196145406304,38.782608991693124,153,0
53.838017123681894,67.18071962924986,39.88082042618305,80.35376594626034,128,0
30.788712691545598,51.62695233077696,48.92246348672495,90.17740285462287,263,0
58.174993451210966,53.85034636059601,31.765862764303577,20.347274249759582,369,0
7.745022494514449,69.44924053387821,56.6468042645461,6.697361202527152,134,0
8.361336987429297,56.503071948109955,36.84099293095846,87.73504531328386,385,0
79.03405045936924,77.80950156481634,32.419554706305604,38.94049389788753,372,0
37.41715772701366,83.78378348772603,50.99435770675875,54.176096426756324,307,0
16.435446138669633,89.22874825634506,20.33034794962525,96.80658120507589,337,1
52.001893404932396,59.807361967995696,20.45984195895352,6.656472791422285,192,0
74.29941977887498,58.206646530694414,33.14412854611147,64.83180074520956,272,0
24.423892474715885,55.12382417638561,22.203281750049268,7.410542257486707,178,0
61.060142823710024,81.18508222763819,26.48154524784148,37.54689284665004,209,0
12.68127184943912,84.61731059785816,40.331638960325094,80.38145451934467,316,0
9.651354905174692,51.547721096456456,68.15514077478878,43.34722327556344,205,0
52.82191684113332,95.8744000659408,54.32291860215805,99.71823539029504,146,1
53.657160944909585,52.54659289892215,50.76006355738498,55.905928494660216,280,0
62.36869113483859,76.52352042975245,37.6093293924873,32.11621526359535,163,0
70.34822003503955,84.7439654530949,75.90522316596898,22.011132590475313,345,0
92.82668715162812,92.6774870635582,43.8209024742315,35.05205342861618,343,1
51.46703134710758,84.99025967448895,25.225566007746288,37.25332737595508,186,0
34.06608256471213,89.2846760704198,57.02399096706807,6.8713677723960975,316,1
76.56675752918333,66.6330594345975,26.830303608596083,36.95741994267732,106,0
29.37490261358668,89.9264305735791,40.71338856810152,46.423851973922496,377,1
44.507427863507246,53.92562747284908,50.44471632306853,72.27377522388046,309,0
12.061074320803936,93.84601614696585,72.45335148111054,65.6729484721608,268,0
7.281566907391176,76.83202643153308,49.61279482040712,70.87656552291543,237,0
91.63835732101326,90.04759072816219,62.13552596189986,0.8363681876857099,329,1
80.23821084609853,72.16359594139671,79.56901033994421,21.766739958053606,260,0
67.63767854843282,81.53530706462972,27.889347193878898,66.16842883998565,100,0
41.80576499728429,75.79373038586955,36.48389153117117,48.398936817974715,335,0
20.596488806376122,85.84788656601125,43.674564535858785,0.5313475668345946,287,0
19.079333840397744,53.99986911949889,45.30969071232988,80.44946424318223,103,0
27.52186083481358,52.95725211553763,44.66126451593274,77.28095732903374,231,0
54.43039982355084,62.10805846649718,74.4566601533933,54.841916299356264,317,0
69.31363304300561,57.817689325546226,62.84195866801139,6.646332577627212,359,0
64.41776390459582,92.7173947630179,56.47431284544223,76.65150495325847,100,1
30.194050725134854,60.74148538054417,38.562363071766924,58.37135877313639,170,0
90.93787525968747,97.81739753513743,69.42742305327768,78.19599771579591,277,1
71.41072250261917,66.50789379678423,77.30363068909934,75.17469923958404,288,0
54.891864726026064,58.923777868746264,69.2718969530136,80.30020719578371,390,0
60.0548671610917,88.69522684998148,20.093906311488375,51.80080664046248,107,0
42.764005618501095,82.27668099954293,58.18408221100442,14.032451819351499,352,0
27.295789055104173,74.41159010620382,23.068122886526044,67.11574733796887,391,0
37.03754107861354,77.21281399594393,35.456433220023314,62.04737850519706,343,0
73.20614994179321,85.24088713534093,23.571482020866302,74.22531871990871,222,1
6.295413976678028,61.19428232523364,56.22772717696326,16.98810060507353,398,0
15.446537645622461,98.82036188678035,61.195394809556404,19.497519990028923,382,1
9.140237781957747,97.76486494519237,26.86925828395431,89.04095172193284,131,1
8.665592208707313,81.8659586309999,43.030332982698766,74.99777984520708,245,0
81.99145256099065,59.77758009552811,47.374190537332524,90.82284887003229,255,0
68.32920734420213,83.33118387913328,42.14318130565499,75.87153211639207,115,0
47.67564461785927,53.53772203997961,27.26150002911158,59.71553059903019,146,0
13.805074458590132,51.5019726080845,45.136867411248524,65.41327370278736,350,0
49.24542876051491,62.62646153704947,65.07068286850509,88.91279239400099,286,0
47.61245937025091,72.6685248802265,24.26045987199533,57.88067545119405,130,0
20.58816829190137,92.54535276501065,24.810800844914205,63.239132432838744,359,1
44.04664843141757,85.63128441854909,41.28627751015905,15.647671600360058,116,0
40.86542609576361,86.39261953879907,76.5035426971355,47.39212201161027,138,0
60.42650882469948,70.84917338795569,60.11435880337484,71.6397111958099,138,0
62.15842857808794,66.95081463480119,60.72019740035389,27.09426983163654,231,0
9.077360879484006,68.18089938624553,41.715199450271896,20.22541805245349,129,0
38.71513531638241,98.39482862306684,55.619647472512305,31.382680822441557,257,0
61.32739241428128,51.96535037921164,20.607871041664602,24.150062799283344,377,0
50.28226327220789,92.48454330999998,58.165762784572536,21.491263703639586,302,1
82.08408570694901,78.35509502004727,74.7972168545742,42.48508428680869,165,0
64.28242684570506,71.49215554028993,56.75440810068915,90.78385138835341,207,0
19.664098437328672,85.53762536034168,72.42191560798071,50.705964673871826,367,1
11.351187266038686,73.84677812981045,63.43838332796563,18.792038081532304,321,0
62.81773503856841,92.79773866600137,27.233504984221415,7.697166938087408,391,1
7.386017948745963,94.13439133655166,74.14719843715051,69.61561451379252,117,0
57.7198023146117,70.66432541679931,23.986630661346492,38.279876443638784,189,0
89.62072172824618,63.56456206451753,52.03804835286583,82.18309465853592,280,1
56.792676008829105,79.02516610107475,28.52822742760746,65.95107686407702,354,0
39.935293358586975,94.70580393521786,20.702396643854243,79.62414505413685,352,1
62.89593965981179,60.32244726127766,45.32205560765834,27.194603941844875,356,0
46.2427601442365,80.52536259461066,37.702442459249376,69.2358922461058,186,0
54.105511038434145,80.94645078453351,49.16002962785618,26.406198469371876,189,0
89.73183278988726,85.92253809834877,54.63199320407305,93.90684794502916,336,1
39.74923740206968,56.44681657123573,22.62434433853684,63.63742815333744,169,0
91.50715074415228,85.07542326942234,27.38019770742474,32.451180017534206,143,1
86.48155777604573,94.5425935126164,53.51854378702552,26.951186229227265,299,1
22.62120213103668,58.80447233464186,40.59004119035949,19.09265850716435,251,0
11.242517078764891,61.63962292127,63.75040925296688,69.46409588937279,185,0
14.070020123968398,97.59835960804034,59.13749891551638,21.87156129979273,118,0
6.639964308639476,58.867870682765,70.73626177939441,59.53032659274891,200,0
13.499866468033556,91.86486957510937,61.54956960015352,26.463502692535734,194,0
66.47060960747211,74.12161496595371,45.79586464340889,66.19689447938686,353,0
11.40697836142061,62.11432264575568,60.377997343665946,81.49397285405392,129,0
33.70780672643852,92.66674516235307,36.52287045532511,77.80252431446532,348,1
81.03877798725091,71.81995749513061,38.37880992669276,76.08513309307817,132,0
7.094474216224328,75.22605034255483,67.3391095952476,18.772240569225207,328,0
78.30216343300422,67.60243510058852,46.78517098409493,8.838494698451871,111,0
30.366929729605992,79.05459172031144,67.90282043110115,69.89488284873856,217,0
15.634834485949064,58.012669756666114,69.3453424200967,36.83472137943513,254,0
67.70634488277355,69.16299529593627,71.45374025967703,43.23462264033473,345,0
61.60485621018956,97.50120379442909,74.99811415047245,3.1149092793391064,346,1
83.97248121743476,62.64853820235525,45.859113230797774,25.95764492750492,128,0
71.15639394234972,82.18009656252332,39.13200909926833,3.3676403874464023,260,0
77.31328373463637,65.93431314701004,54.93192479564683,87.91857726012476,334,0
30.383111531417583,87.90018315864343,42.270345406257654,24.339668321853047,289,0
20.969558940175055,56.41280937519914,56.06445000801398,55.73371695730081,216,0
72.55532764767725,97.52123120884869,62.33515175862948,3.897932066113041,370,1
77.61512653405376,72.23568752779832,61.30430110952821,66.6847391305658,357,0
94.1454627800606,61.566472703976736,42.47317322120728,32.30273457540939,279,0
42.135590922028385,53.60134061917062,30.01161210192517,89.79191869576658,271,0
38.481627721350485,58.3181373492895,45.83176030773245,88.81181889340358,373,0
74.87716646677971,75.46892347924486,28.555648644914523,32.529061836174776,358,0
35.672318622771606,66.51315564513303,73.4058221110285,90.09608956904678,234,0
88.76815930432082,90.61528492824786,40.75264764427145,99.61576734987788,270,1
82.25714766587106,71.1134886594285,29.267584833399425,82.5415664123948,309,0
43.609462463751655,62.18699935679386,21.526865594345054,84.4871347755229,335,0
72.57839610123476,80.24010434359747,58.749343177189054,24.90087361090899,285,0
72.90885866762142,84.63208362738685,58.2141390472846,57.67023988577563,194,0
14.281148195233936,58.18505348714655,40.4362499948775,6.725591396736785,110,0
86.229761601161,58.21334159812756,24.30271333085906,9.491793682166971,167,0
50.472713520307146,51.79689991974361,44.577733693713924,99.88926120332906,309,0
79.38117194969675,86.08369873821638,38.67304970380361,32.663924942591095,295,1
33.804464092755055,82.52642185346845,60.627238384100565,74.81839120488463,197,0
85.59709056465805,73.25691291174088,56.346754967161424,80.66650530268164,192,1
40.02815108607468,91.36435199949065,41.8756236918524,85.80232710072292,121,1
5.975388633226853,89.4778374945526,33.0735532552994,99.76282974021565,271,1
86.48437787773373,78.68236385544085,79.28215796933551,24.149648525686786,233,0
13.21580091075202,92.54529274514968,47.24009727176689,4.035082685969971,124,0
33.73822738313734,60.08621929180164,61.29645414681422,41.1191517994586,284,0
90.50557703457244,55.484061350488666,28.433178054701646,13.008066982894695,184,0
90.55464322438004,63.21773096433249,49.13538197956387,2.2425889162055124,154,0
56.60940993109575,52.79725594837643,21.652203192167928,36.04268271414861,350,0
61.865349095281935,76.02730687205057,50.327307074627,78.37382510752364,243,0
45.36009697804878,95.89367892245312,77.84104442706214,56.61806912250709,266,0
31.38896945282581,51.927833492756974,43.05240277914801,31.277798921035405,323,0
34.57980908329243,55.98338578649131,22.339760754494694,65.43420054927196,319,0
65.52666104693346,72.15775238588833,21.85734745516061,23.20181803088107,278,0
72.7137076493912,95.75987585886733,43.27920559681217,1.4381446072085025,218,0
76.24211393532637,65.49164914386077,29.601496187791643,76.43533864364274,364,0
76.06563285150985,74.85450562573124,21.401125779691156,62.374308486400906,249,0
13.208549274382133,52.03707009346921,65.37281683701062,76.23026245009599,314,0
49.49782742323233,57.268816847142354,47.51138053291344,3.893801668766561,296,0
10.180288401497986,98.3448760249835,37.35468631835927,83.71196278306522,141,1
54.4575994091362,97.29081612536623,74.00499098098885,61.95262000363033,152,0
44.73774512360393,50.24205906578607,26.968337612031537,56.33953507126401,350,0
84.89337644824698,96.6387774857387,77.35512973731915,62.46140481145316,394,1
36.58235112968708,81.31687695295952,38.83800304264117,86.4433246868364,370,0
15.536031478484528,92.52799643148109,73.30422033852088,58.69365065589071,222,0
17.869251384755227,72.2822529260591,56.17657258876769,58.095037988817936,365,0
73.5359568545725,75.26420540038326,69.60244158448924,99.06791570657658,128,0
60.6396256984635,73.95348243258908,79.04078979262786,75.6730167068568,134,0
14.101040851051122,82.67634861975911,37.30432626912474,44.22938054511353,105,0
12.569612550349769,56.84291148305933,77.66812912445558,70.73970000329277,210,0
68.08722183132079,51.46870590376122,43.36891369414522,38.92304716917885,393,0
11.548670572777418,65.08856713796835,43.130714284215344,22.8875462483499,176,0
78.96740533613206,84.5293573740957,40.42322625527034,59.68518768877594,246,0
68.56180044408467,59.89081915402447,52.48445644085511,92.81820981139515,166,0
12.321390257770979,82.99818923292095,29.248702590709225,92.91395200154628,107,0
12.635394267667273,97.52569025925625,53.22268912148067,34.19052781054903,221,0
93.7975620651058,54.601135073681505,52.50228874460024,52.7677466221695,274,0
38.68437161805083,82.95750379303118,65.7141087562922,21.16358985698612,278,0
38.357793236020186,71.74376074592399,70.01899771625514,99.56311094988834,184,0
78.15196105317523,92.53897046449777,46.42648101874544,98.11179078679358,144,1
90.25237196454728,58.68033968292191,38.13999496108963,64.95089297074473,235,0
93.74009574405838,83.93867165908206,35.56009383902567,80.44140596774734,115,1
72.80403667330475,91.0676491927574,31.677430202292314,71.51001612837,294,1
38.86336269778242,96.28609675422715,23.45885493194149,59.31582190394682,108,0
12.51506450288019,83.47915338619265,40.546878730082796,5.3347996988897695,114,0
74.94322243346932,74.36156343641294,36.21486152784699,45.476434255266106,201,0
55.256382476222456,80.27451476985948,77.98504315198444,67.47863021674105,325,0
43.17998083222786,92.5763442394572,53.462529575002634,67.75316138836847,377,1
86.57189465852623,77.95987758530265,40.83662234183045,37.31226184223836,212,0
15.007773407553621,51.48896592514501,54.82805605962176,94.16919866580305,100,0
49.336259386177325,95.6164860798419,28.35180208074173,16.7357032236781,365,1
6.021828029067716,83.7868108005465,46.642624952132174,50.03594462155606,307,0
47.17945777947136,83.14915590308507,57.57405928526383,69.08839765508228,209,0
10.067294811365361,60.56808246748814,49.33386990754708,69.71358058918092,299,0
15.693612464126472,82.28538804140021,44.10672803925945,64.86389567688155,111,0
15.577362209939439,69.29935587705377,79.63090333398189,27.528821345186017,287,0
63.42892719044572,81.91041587503311,72.81888572893561,15.620656868662197,253,0
72.1440391338881,55.22305848509154,57.40435748956641,63.594032682671084,378,0
57.503188858744366,82.23441992554876,54.162641670936964,59.930211613943776,270,0
91.59552936270877,98.97127256276266,57.23962878947504,17.935601028924097,233,1
38.73835215713336,52.362389904167244,32.078726469345995,70.51391455705634,124,0
30.714087765367466,97.88153502684455,43.70826459585912,45.51719917336564,117,0
83.17392153705143,69.93849007542066,22.36757197345396,66.7760591603153,289,0
25.123625466750738,92.66691906652571,48.5327622492096,83.73670797701507,240,1
91.69002854965501,88.33688871885539,52.58147503745979,16.972842857692317,142,1
6.09390272208347,77.78379678834672,33.664984166192575,1.9144867996836679,383,0
92.28909440368751,86.18401125331499,77.84173082993082,77.91025863957867,245,1
8.884392075551851,93.04726250376605,74.56727665623453,60.96974251526159,191,0
85.2028802328264,69.80287576090062,63.32859412735435,69.96395696221217,278,0
52.49309981776699,66.0246249165987,52.00319772592175,83.81549749886426,155,0
94.36683165073703,82.71207589261564,72.19814957886109,80.28109348245005,254,1
11.641690826185897,89.58445115512167,27.839140629407773,96.09201469288247,259,1
54.846885596118874,87.35197160405417,67.4305876564931,53.59350788521182,210,0
92.2372282057189,89.0928687940731,27.489248838010898,48.84956326599054,236,1
52.078805975313394,71.34358242583372,67.65263975296432,40.18871998907301,331,0
61.64587743217363,90.07387659257606,36.546054095081416,15.369104284420454,319,1
67.61738200861555,55.89024371315981,72.62543486109134,57.26072328820224,167,0
45.90869582909959,76.67996580008163,76.64252562952387,27.70125243259788,348,0
61.48022720756571,50.28217436440796,28.927758164306937,92.13075122129754,105,0
57.58828807307902,65.90470566511324,47.760536303923615,58.31908042770976,379,0
86.10422094418901,67.9566152086985,78.8592426897611,59.284018050811014,193,0
9.090174230731208,69.41246188885351,49.004446158388795,35.492466087701004,368,0
30.28668706330073,84.07789312780324,71.8128513508727,5.198935197770749,296,0
90.53703356689029,69.03934696224694,55.32389132787919,3.174376537298862,124,0
85.12374055018248,71.985987508504,42.51979447517611,42.33351441531975,247,0
46.009107750714165,61.63966241284204,37.147013331552216,8.456537809723786,217,0
60.811933802138306,68.28933778983766,32.193385465165235,60.68469555401391,165,0
29.964306468301942,61.13621173589442,65.70789148266184,88.09730056396575,274,0
21.930904375138518,53.58660026465374,43.19243040938167,88.29148165187222,175,0
46.7328564445984,79.56898107568752,50.67652773204507,65.90454101322324,213,0
36.80170052234475,82.74242712919579,49.53952880007091,21.1231831472931,210,0
57.529050066578485,80.35502695447111,54.63674175398788,86.29968313588721,348,0
11.996117326848635,72.71120814622805,71.93462873747313,88.60934353132082,302,0
92.69553268995499,68.60950322878226,78.84436061500577,19.66535849529587,246,0
93.75896700316426,92.30334882901943,44.45505251442901,73.74260857706773,134,1
67.83455426177707,75.43500747167468,69.65113532637818,28.651954892712293,125,0
53.24867297097084,73.47991200385681,65.87166767928306,80.26403123529296,337,0
32.8574854657695,51.25646122451535,54.411737087334394,99.72378999036027,113,0
78.24155177362537,66.72114355368166,77.36282861671599,3.0026005329392813,144,0
66.62580552984913,68.629585320507,32.02847093170416,89.73658657909318,315,0
19.63552454104022,69.54231626394812,26.555852618577283,62.26305335986581,332,0
86.98344660444582,78.42844609213928,71.23771801732534,97.33826191648211,292,1
79.0283518630852,76.14652478961705,46.34898899802489,46.50095175264276,150,0
90.48199219627317,79.78734954687879,70.81813125242363,84.73879305713737,313,1
70.3147557549524,87.47927981556428,73.5854123117249,6.239406859827723,250,0
60.207367634221086,89.83630119708857,23.747455617144286,33.527905007829574,374,1
42.6418732661557,85.18803073509822,73.00788577916364,6.701653775120997,175,0
88.94556350186119,96.8206611017918,46.89914332216533,97.53431334790706,319,1
82.94575005503675,50.89339655114172,50.62594934025393,81.69739072718367,286,0
9.069680309557047,59.593121298493756,57.59555066559261,85.25474212459704,388,0
7.373027704752681,50.370580873928965,75.58295640380521,93.79652314338942,127,0
38.881703019024464,81.72626099357555,21.146965665785842,8.510348611978536,279,0
77.94979977036496,94.00349689854936,48.610608099069026,38.55975925133334,352,1
93.854851638345,61.93063253223866,61.26332254583364,7.103488904400212,225,0
18.537520199317537,95.42469269501902,63.362417461893706,21.07931015500286,276,0
58.47176438169216,52.95310212418848,61.55194589222648,22.936577703767234,136,0
39.28017709679194,95.7873653134702,28.066107764487313,46.91072110475787,198,0
92.29229580331429,67.22951167474208,37.963735302300876,26.856216745364257,197,0
80.79070308221378,54.96962059401161,41.52293152502081,10.09781068177611,226,0
80.44958342400241,73.80771620012996,68.2662324607703,16.749108909410772,267,0
47.18238438154732,62.58205181830489,36.72559234487318,14.727556355209092,179,0
42.33375521038987,63.95877219613422,32.64229783203219,97.30767979122983,393,0
29.60663647376356,65.05720828138804,77.44688114228578,75.92925069184736,225,0
10.073794698583441,89.3482689938005,20.531797106808135,96.7761465269562,249,1
82.82501386295479,76.41890255708748,79.8692513409187,43.974048650790856,115,0
78.16109082170698,65.25407725864417,60.609277931443735,27.83684816626566,127,0
94.97459059575175,79.906355382235,69.70815796694703,79.82931972091866,272,1
94.69731533665149,85.09138303693649,37.67716378077159,32.62539180411468,145,1
54.988853504236474,63.35857603594316,20.8589166600236,29.93833737053483,335,0
74.20886736624594,70.26390597474223,64.2721711136918,23.25059922078312,313,0
90.02891568941853,55.97241857351043,70.04867582004054,12.967897822423534,184,0
81.46826516096704,58.87631812719933,64.42856791721115,25.646306101676597,381,0
27.26132915688779,83.37477484428416,28.571017238050317,35.53197484738877,331,0
45.54897217790842,58.89047903708572,65.20567533541814,67.39942081457303,184,0
16.62434736363455,75.73300579968594,66.13536692645846,6.256484221945158,164,0
90.86459245328501,84.7432668243992,59.512430940203295,21.050693966534297,233,1
59.5557171005792,55.23696923164245,65.96695596773517,80.90236402916764,250,0
25.577852495311646,77.79829876181627,70.75528638066393,14.692192358377076,214,0
65.4530615965271,62.571576401366826,56.8162468542475,34.26451465225215,163,0
60.631541641210625,97.18341688664141,25.316282838180744,86.46589218581401,257,1
37.23464462295564,73.6937366892763,49.25766858003265,15.492531114344265,176,0
15.220183297966612,89.49363493898275,24.658960080296303,8.27368356181899,245,0
65.44158760335196,76.96110056565684,44.45258186194585,48.45379950800108,324,0
51.827693081341394,52.12721410988614,44.42638934753766,30.24195112785364,202,0
74.50865525620753,81.0244174041071,23.960590648414495,56.34083644838541,187,0
51.814715100079404,96.6187637681262,40.92923203816876,80.38048904834751,267,1
81.69633502866861,79.47897918717022,26.65988592747889,13.714848815274316,269,0
54.6716154897037,90.14025411191272,68.49411260055334,58.0699084554285,234,0
55.484417438184764,93.32611670407198,76.86128155786824,50.550876038986395,149,0
83.89882423925106,61.17590882549769,24.338988515476316,14.407878601319958,233,0
41.31345795911573,60.3901971555031,77.30691243750209,62.39984855289824,236,0
17.061370560557666,79.93806845369859,51.354595960204705,27.364041786077166,344,0
7.590440868200508,70.14039502052853,37.973940677232434,48.78343185440125,208,0
72.9623530106257,91.1532038404693,24.61172451656981,8.227232427706188,386,1
60.82785962181182,94.10113304650255,50.03745608422507,45.958405721362304,120,0
68.36717912893012,67.31764758583319,67.67093266944492,30.646346804282032,189,0
24.166774535801967,61.60665738974962,62.42518863600189,82.23812111853543,395,0
17.27343280280928,88.24575024694923,23.013560687838424,5.697872699736828,211,0
6.309019910109374,63.46549574185867,24.37411012207421,41.860727491832996,176,0
36.55288029259373,90.30810160717024,44.17239695795823,45.8431424131438,276,0
58.09259181691698,70.76317442878938,37.717429642876596,72.50060762991187,247,0
40.30196405897591,82.70994506528206,33.94305938336287,57.428757509021096,200,0
44.37274298213561,54.68123037789874,36.86026993452282,66.72123371941811,345,0
86.37428250443736,80.56910690915208,68.20896459781308,77.7049285651756,216,1
36.34299203209703,72.13661625812423,75.75368321791123,86.22029736581888,191,0
51.25905402438297,78.74381469559823,44.30616167165398,31.38754967224705,127,0
75.52877114670288,58.232696179498305,74.36666012794981,53.802270536390296,124,0
40.68885040891431,86.10681350226493,39.28974207487292,84.01080784391999,157,1
60.987803020508615,92.27705679961821,48.586219180627495,98.94511309650565,396,1
82.61273378720706,60.620250204448006,33.56173986895998,88.95193110437631,233,0
90.45685612918778,54.69001322048793,58.428562530550636,37.14672626243768,348,1
18.236613283613416,51.158290716270486,78.73886691048853,19.516651721865042,137,0
88.3928862645345,81.45660352172004,56.20958576260272,48.93925374065887,174,1
49.29046637715844,79.74760776835026,41.46884504681293,74.16414518360422,241,0
28.241994946906253,76.78817322298943,58.869046759431704,49.25690707532976,267,0
46.322218061443515,61.3654077096828,27.375240707923254,48.31808633136685,358,0
93.20293177569293,69.15439379937021,73.31954481592392,83.82304210818006,324,1
49.33562845935826,79.12934042412247,50.185037046790185,36.14037790671863,251,0
34.587644925875736,74.3415760840993,46.960984522378524,85.97946748116456,118,0
62.00607688850532,98.40149049052948,55.151887307211155,40.680480095172356,245,0
26.613105690037376,56.68554787527992,57.487031767364144,32.82331056783394,340,0
11.827699529779753,84.06208314833209,24.306548373590783,45.3989911199699,336,0
16.59917497195843,69.81161963711031,60.95703327340414,76.24469586748684,134,0
16.524125506199518,70.98178113135512,34.515900818931776,12.600202786399429,289,0
18.67124241610649,85.16229051725063,62.83715795039539,19.64192158720174,100,0
17.49444553844691,83.92937141489412,69.3520876630518,95.1444825663092,252,0
62.678727032289316,98.57154369140723,68.23751045315122,17.54916273813574,225,0
21.369207595923033,56.29132018325214,53.15005804447335,56.77273179310546,325,0
36.11005549914769,55.10137281982415,51.21019353864507,57.931446666193786,320,0
85.71095689154106,85.49260203930831,28.572557680364703,48.96244620502448,310,1
47.65654762365851,78.34095893331404,66.52076902418813,64.47452485768186,124,0
65.08019646689245,63.433872661430485,36.28456282680286,22.982672579761843,115,0
20.508788408146685,53.891549080460344,49.80172536907679,55.266226777674824,281,0
22.30601169278037,54.1972542302251,37.056445575651004,37.21732552468971,228,0
8.678175463983099,93.81535285854179,28.029701779981586,66.1667259629189,141,0
20.204155676494807,59.401498911218404,57.77346181350419,14.122354337314945,335,0
30.073130512876276,65.84520654366051,23.25992208937423,57.08774168394763,133,0
20.93094358490721,61.10616370912241,64.918714047572,18.52703553833237,144,0
12.983228038135005,67.39481898576493,39.055207715666995,27.86430631150364,233,0
15.857228399054073,53.40176829455857,20.00808158026912,21.87098003235832,120,0
46.47008912294532,75.43392975450524,50.66774835423379,18.28377798688171,221,0
23.570034656521326,53.31301561601853,22.811114511656186,82.5710951560667,169,0
37.78428749432679,89.21746888329571,36.57017346925397,28.570756766089033,147,0
50.30755437693712,61.451892013611214,62.41858924734297,92.71237818644494,138,0
67.13553457664287,76.46058381562102,23.761377297311952,96.99265253451908,386,0
8.538092585698905,93.12387529051145,70.36030954136014,57.126046993709735,109,0
76.94693590181384,81.89299108331252,20.229195359514986,14.30011226657264,129,0
61.5110350541817,76.11493154101544,34.809432152114134,37.45482433795813,343,0
12.358312875398472,65.89235390265341,64.45424336912428,79.7732263348214,373,0
83.62207616960995,66.3170937398517,38.97620898375841,36.739072869707044,187,0
87.87851604786319,82.80486080471132,26.113543283960812,8.701721830278874,343,1
10.497016386937737,98.71282869983722,41.61403512802568,55.678491092818795,114,0
29.918988333248336,82.43012030261954,36.22359718307153,84.51208514960348,103,0
77.55811518137551,77.33138745113122,70.56271412963329,79.59263871435024,290,0
72.34337213452925,85.80187500172306,38.80087505510859,17.512314013035322,267,0
21.60689174207396,72.79507500190219,67.33594830656043,67.27646144124667,108,0
23.841439100303926,52.94697478743848,73.51232868864409,22.05042634356471,208,0
38.34248925122438,77.55254397801758,46.02904517459177,21.820753455217222,236,0
48.60706866719192,96.92363894076362,74.59658863126353,87.40717733051852,253,1
60.642929437726636,58.58984417552532,42.63908323779157,24.966895274023017,308,0
38.202227561279514,83.81023965021262,77.8447049894065,26.32473465180112,371,0
46.62812445198331,59.84575074429377,25.357371471534375,0.06533907612995549,242,0
72.2723844320381,76.25555653918099,61.22115599019457,87.06690341255177,198,0
8.30148826015381,54.73714603268926,49.62884242741572,79.25948132091347,168,0
27.71932499096187,72.06817587665107,43.25892832733882,62.7328935090678,346,0
69.20146272960972,87.05200311586705,57.96271272491605,75.02657639388423,360,1
85.56861539184794,67.03100468771012,62.23142549805987,15.20485674244918,375,1
51.05096979040995,82.58067449987368,20.261796179018546,45.832359458757544,178,0
52.89021367387841,88.97704807869673,30.01718532483192,35.121938734878086,245,0
14.645481020579844,95.43171315449318,62.78276303805912,9.37765262570165,210,0
45.26711301411092,61.497462010917225,59.98312481469239,48.61304852149241,357,0
52.935553980952086,69.5664798746561,77.96285030772063,92.07396503426354,192,0
26.82234532712567,57.468384653190455,65.66226741504698,4.005911905069448,112,0
29.231890785444286,98.63169160576038,77.04636246388029,29.14609134937939,359,1
38.95557467941604,95.42304742829047,62.152430092088416,20.754093620570345,208,0
6.806407799995373,76.45789938374742,37.883132518366594,23.81466536656963,288,0
33.987124902486045,91.25963142444465,26.321895335051387,90.84345518793752,194,1
24.03032062968902,75.52694088633007,66.90943180069613,46.806905423429015,204,0
34.47476169601232,80.55569871213523,58.64895328855496,46.62994129398188,107,0
15.77859186373261,54.36709717368481,22.891160743597773,76.05756424552823,166,0
85.14745526659054,87.00825060434359,41.6030279540587,15.44922040049258,290,1
58.42332081986438,56.25796069812651,77.40798892905717,48.72653541000508,355,0
66.11920872300406,90.47731388237389,50.02406874261207,42.99852141210597,108,0
76.02541147466044,88.31937629584891,45.96374816118228,59.69106905466561,216,1
49.85979790361515,84.72849018940585,47.46197630955764,99.95577032504386,366,0
12.822825927868132,51.771858645713344,32.53296344030982,76.9448894082047,198,0
53.3395887636693,64.8532894413211,42.122430251887714,39.78657030174272,397,0
57.815700621879124,62.8925159256313,42.188795359230596,82.75530522740469,263,0
72.0895526765897,67.64668396610443,23.141301211248344,17.070836331248017,240,0
43.84935916067114,54.29449459142809,66.0540577110751,3.0463686308960125,367,0
16.48222725160074,95.91093332852208,44.99026591423274,20.444837246427305,136,0
30.5398315218852,77.13630979490644,69.3307932089854,34.041155611425964,173,0
37.67740667587716,64.97069122224315,71.02088006719373,51.05807574595599,172,0
63.13255171984411,69.45209433663989,32.71964328191949,61.51291405411998,298,0
56.37004742020207,71.91292448473695,59.441208930207715,91.06057172144217,229,0
37.048705330806165,79.42912233467024,48.3369082497789,50.98540095504577,345,0
93.78637239136818,75.26829195712838,72.8094042752891,50.127564462572934,159,0
59.51973374211985,95.05020668750646,32.94444075058725,5.024300982298213,378,1
26.350411256239504,74.35121066238568,60.66879201860265,3.491155265622381,202,0
14.160422535836336,98.61574272634232,56.46512733516335,55.11599619163721,395,1
18.75732252658988,91.71982292950969,37.718088654309966,43.81786132483445,250,0
27.13619555460573,60.217015203509455,28.196054219070355,83.91803949802986,256,0
19.46132359336001,95.5991655175519,59.09838562863659,16.067958471184518,305,1
21.79103216461752,55.70195349638833,64.31584748793983,2.49716621170496,278,0
30.65856518244624,90.05503571606839,38.937640625800995,44.903876793012586,296,0
20.603623576527934,68.65054138035242,58.68995624133883,23.74785567522575,322,0
85.70888821637827,93.0207417018084,43.7078544566902,4.961437333883745,188,1
12.2210371095478,92.53477781526507,62.79241299695706,72.4598286847629,386,1
52.20602506132292,89.49034460576344,31.952916493643187,11.159299995724748,375,1
41.935714429069535,88.71149137904601,73.41290015817046,60.83195000077717,335,1
93.41407552177458,64.929277815804,37.244575787934785,28.104975016688915,282,0
15.083501195124711,53.96504486951136,42.06715926536917,17.3496050355022,308,0
40.80700391411675,69.74602875949292,23.485517124820987,37.97515229193175,229,0
92.2523389947832,58.50270123433893,26.690732739276584,80.14457762229537,252,1
82.89564133045822,84.05260335622063,50.95171416273969,39.20935769045727,112,0
78.5364863854352,66.95888660035149,36.05556060367829,75.07696492110557,221,0
28.211254434044584,97.80489984213582,70.12881354453165,12.548629679915068,319,1
20.379882865105923,81.40763178992127,20.88160331929723,77.27714196650791,205,0
65.17788979319879,90.30154761808369,42.74564292031617,23.693332490664865,169,0
88.64383902148272,56.493708964350574,40.24073280614556,67.73931298888728,294,0
55.10866037125368,92.2387096313585,21.15965785505606,56.57815548409963,285,0
56.44514205229099,95.21510233515633,27.462103940030612,92.91447172116874,198,1
30.198118429425577,73.86603402212786,44.81856049511812,38.732251797531404,181,0
74.25436398727432,79.7063939497979,49.5718750668468,6.616518883444044,174,0
21.833937370177104,87.47568024424677,44.25738483529214,1.9155485551252904,291,0
34.131131276381936,58.56709273576021,51.85626070472563,82.6858560972753,313,0
43.28927947547751,74.62573774670868,55.70790049434089,52.473563766143215,243,0
50.68493408160095,69.53448836084334,20.595429267670138,77.52440518349492,315,0
26.816875917357223,57.17232561595021,47.845709567210235,23.44256000115147,114,0
15.335314226528318,68.00918669228504,77.8099544532553,34.50837455132337,316,0
59.95580381974693,53.34044315988918,51.14193680777292,3.010387221131894,134,0
30.97674979162302,51.264783440524866,60.65253604753719,96.14923245741122,282,0
57.31143992803511,56.62314816858631,38.71183147501299,66.78679067008134,369,0
18.892644374678206,97.19264046786952,66.43948268916574,93.32050877593062,199,1
48.30260916693357,76.92694725885583,66.3752889125669,26.549640742907233,106,0
52.93304892964273,97.32528589650778,51.27776285924834,61.146361122566084,129,0
9.664118314018422,71.19239603817647,78.56082939675281,67.84999682926379,243,0
35.294385037452855,65.27899052117772,27.533012885759202,31.754970025758844,210,0
17.09732092450768,74.80095127917195,21.01685989337486,84.81092350156301,331,0
10.703747342549097,71.5360727430126,66.20949270542576,94.71614629002478,278,0
94.09642091509507,55.17756952882545,68.42933224189295,88.48551176960044,171,1
34.01184604772507,81.4004894198201,27.212433747234574,73.90669759393725,309,0
77.88870012691714,60.58587094297038,35.93496997751636,27.746467972495402,319,0
27.917658928738746,80.35980978999365,21.053141801997736,28.161604210563173,179,0
66.33524500015363,81.85985352750951,37.598516646833886,96.3360320446038,182,0
73.42050739007179,57.44921780330375,66.38851243512029,1.0284495935692028,141,0
58.60748665470599,53.00613172842274,51.07763166275474,71.60499732421445,372,0
47.441856969514255,88.25731771735354,40.88573559009728,70.62461625552622,290,1
42.06568227325417,72.5302207646967,42.30435769437982,62.26895409497975,272,0
36.39814398886958,52.85002597976831,20.08121754292809,99.01088460868658,106,0
88.65762298230433,98.74844954131859,37.98803165391415,31.187943576372522,254,1
79.75574670089563,52.831247488821965,58.78752449827583,33.997186379324816,109,0
91.85242195998613,84.0567262140691,78.45166662898143,7.893940294655555,133,1
16.186750113699027,98.20026733790726,70.82364961903397,44.27981365437375,135,0
70.77807276832799,61.71982510658036,21.41569787873175,26.10485262348481,105,0
89.45064111389341,56.97021906567261,73.91363628049035,34.338670217764424,314,1
21.310975954909413,55.94786203169902,66.99190479791756,83.45717902556277,233,0
10.984664063009975,64.86048223081218,66.82256741425883,93.54845135274957,384,0
71.70085843610532,54.951244739521684,47.47974554021429,18.573307200518563,225,0
56.70258018619207,83.91590574301247,43.88031757727017,37.25089315534659,273,0
80.76458990824449,53.05229810837307,38.174943729991554,92.8630562115394,251,0
17.579513896366056,74.96168427933969,23.941691537261946,6.180846068922263,125,0
76.57405806739011,98.83814583879587,33.69412180962195,9.236052811137851,214,1
23.14645880429701,89.88454320579493,34.79621809868148,16.279098920622936,383,1
19.729034857913405,80.14575247331953,49.0446241826121,59.521283412687474,174,0
19.783921813789362,65.00642741854398,64.84666439580164,15.047227100599747,265,0
78.3117248208244,80.57089597829028,48.428589703876796,96.80763814507335,288,1
64.867749862658,75.82503173167093,23.470666966829636,44.671452725852035,177,0
52.07588822922074,70.8780858106282,77.46738805929223,50.15179603501664,189,0
37.29474357111523,56.40480846026978,76.56345914564673,24.66586158054065,275,0
83.94804867317974,93.44360654678286,67.1113725889045,47.09602524347335,120,1
40.32005966803718,72.0394477922448,79.47967409385323,66.19136326370115,153,0
78.49394955244193,59.53650307921749,52.66893996801578,75.11771369540428,283,0
44.52214177131966,68.02020819298718,77.76610101519236,75.3868082709913,321,0
38.92499864824168,70.29235787391742,24.536302437005048,57.789111269408835,278,0
46.64118071026458,90.54935688277683,41.940844895682275,90.43597749938573,375,1
32.12400867477279,85.9471046475087,33.52287608040595,81.74078473061094,211,1
72.2848442158626,87.69593978842565,31.749985048056203,75.70481146986255,323,1
50.24483510832312,50.540531957003715,28.448176933560564,5.560552168046062,313,0
25.89914256321356,70.39154591080832,57.3448184939598,0.6877962219649314,158,0
85.96171159471116,73.58586343013086,66.8793113448383,21.244727719547296,208,0
39.55020992358903,50.940421564329775,54.69790396522164,66.35235939134523,256,0
53.919757500258974,62.730847228506676,28.81776257529258,41.119748888254584,290,0
86.58248998680922,87.25420133298462,68.66742619600825,40.24062592993117,299,1
61.18141963225929,56.71837558072095,58.15728242982371,88.45868882296138,295,0
15.520823663752767,76.23019644117699,43.28994236761973,89.55628481318388,134,0
89.58489112521276,60.54489172884464,60.44781773216378,90.91752640535857,345,1
61.493724776427605,50.59391795755077,35.59429875456997,31.38780765150273,336,0
35.14150531913775,61.81887142237753,40.71153250965263,69.10558127392618,203,0
17.53448653970485,97.81781399059264,75.04915058791941,27.163318127436963,106,0
76.46226703432664,89.2753184822665,37.43027034028522,19.060983307444978,382,1
60.806548033566216,97.01925557173064,48.19929608947619,18.463245734736923,100,0
53.01149827786894,73.90484815239176,73.40846824376088,34.2107620863594,318,0
85.45033247458619,55.37707373519767,62.463281016051646,42.99576197798217,329,1
75.97374901020777,76.85001495971096,23.732193569882163,83.09491710550684,271,0
18.650739175947606,72.26448939343808,28.83818265673822,11.98910934727121,186,0
33.05498610159934,91.37349705424118,20.47049544631501,73.49258473948942,140,1
27.364022583301917,54.806046458427986,57.855307413749806,53.14549141893053,222,0
71.95516633154092,73.92381571406713,46.8604055246251,28.794534267599246,397,0
8.017919126220145,57.35238457000523,28.056491054136533,49.281958453282456,277,0
56.29007163841849,65.90912041761294,77.47604726340623,29.994206977702266,162,0
73.62128171666215,86.13049679200219,51.7795834367372,59.608195523830595,264,0
83.90890730855745,73.32488833906956,34.51359764677335,43.38439228552442,286,0
35.78735738443167,68.4185259721427,50.03621426928245,16.440552907887874,308,0
78.91315742048116,69.32933764993173,60.777219964106465,11.658307455569672,326,0
14.956856325968651,72.51289165189334,24.574353078413868,54.66956820721302,147,0
81.18070625610663,88.46581064801579,36.482228902873516,90.24130332861034,323,1
16.47397960987842,93.71214975807149,68.41792945303962,34.395768655768556,102,0
40.755856150433054,96.81139963869248,47.57989222415968,73.30001072226231,274,1
76.75658292015983,88.55826592650946,52.794628521937696,65.8661354939767,198,1
18.492568461389638,65.45493789165262,45.96896013256816,93.1554914309481,215,0
25.632625570937734,83.71860059824056,22.633996558580307,82.09810172991409,369,0
70.00273115537597,71.44255307871421,29.944986789209356,56.660525890546296,352,0
69.80328828914669,62.47886048025651,46.73249832451346,65.70304982341074,194,0
62.70328695967676,91.2027073918702,32.551127924475665,89.83864665840349,372,1
67.455360002039,51.88289109915392,22.998741719580725,39.95187845869348,123,0
53.84519990128366,94.18633761463576,70.61897984310943,32.679470585777736,215,0
27.661915301625747,72.61239576661197,78.87155174984696,1.081108363519634,250,0
36.112639415352746,81.22287236360575,67.58857243980437,82.65510741914642,149,0
21.34379451212831,82.30834218808334,71.22709530228002,80.0980700403365,305,0
86.76055052002656,93.86076929462028,34.518627819022726,10.445451810015138,178,1
57.50526152895084,81.19681442619316,77.63761853079198,57.68573811327003,169,0
41.07662750872759,80.08274565324302,31.815542267205704,46.398169816688736,126,0
46.58052232797194,53.26594998747381,77.08578862170994,11.870909550911147,370,0
90.25550056506339,75.401993075315,79.68915763795707,98.05682270607235,149,1
18.801626280447216,57.35828104003504,62.70336834476292,21.469588746335543,391,0
57.76068488151175,86.13425466735279,78.86862390750932,6.723418009056115,346,1
50.52998109960194,75.09887411982105,54.17238677402622,59.48473795019096,363,0
60.030881189118304,83.33116118120931,35.57250699056542,73.88666771330327,178,0
6.6299165438756456,52.04197212951683,46.219753139937254,3.2443446047186963,289,0
83.49115180497364,54.15480878624436,55.61365612272716,65.87176387270222,146,0
88.89064542352511,85.09984601507142,24.384893721620898,53.22918759514545,288,1
55.861986523028804,53.53213246393499,57.340595877034765,10.326500887504842,355,0
67.6985741489203,53.49157966049767,78.87067020573767,17.252387694636205,321,0
88.02494430595661,50.59331528650949,31.406458987023658,56.79742973160805,340,1
68.65147708820587,96.86856851667453,67.555706977303,29.63576135132884,368,1
18.72851386228352,86.13790961349133,74.47392762677717,93.8315728651316,100,1
56.86595241501318,67.30931901660114,76.62209556921326,81.87402294840508,133,0
59.60435417445703,64.5302434830951,77.60813626432683,98.3567206513663,178,0
43.17176041721474,67.13545825754663,51.287578323288315,25.967083895041398,335,0
71.27998120622506,87.95802302787791,78.63847447949021,96.9723632797977,197,1
89.09303132921134,82.4071599424503,65.43861242806634,43.12338697915579,181,1
88.30116616160987,59.07458282550593,29.700286174217716,34.751879531375465,291,0
45.57554342637189,58.53135743137013,48.614006388078195,5.034952696935324,352,0
15.191424125667973,54.82138683595647,63.09987052232024,5.276525785960262,137,0
93.63570790661011,82.35483326536557,34.840418949145004,69.20112559466547,113,1
80.50082778013407,87.45426044886506,58.436911012933244,45.79289944340279,308,1
16.219641308294015,62.9872749879252,59.99602874279715,22.65216260361057,188,0
87.87576943556351,51.02630309051473,29.761984628513954,61.39703063252326,155,0
83.29067258559155,54.02641170634494,53.905118747165375,25.285811825011116,193,0
51.69542514134649,97.4251417074065,66.29761465871647,57.76317543444226,192,0
58.21478921704363,64.47679409639359,49.933739872156515,35.92087469826903,184,0
40.910243348311724,87.69193424406855,20.726187006566445,82.3552226611819,344,1
9.928547493982819,80.60851487385892,20.54230814475753,82.06961607667793,121,0
35.16775174813108,68.7150423429919,41.42176063820073,47.73503981224013,390,0
77.25681037382103,60.078675847582204,75.57164410590693,35.08191093350156,371,0
5.416882070414257,55.94793448981092,33.72060677621653,36.25597965590946,221,0
35.014925452202974,80.13563543390447,58.06182133230123,80.57145256682179,227,0
40.8351824231849,87.9570552512516,33.324552241599235,32.8179482797612,212,0
53.36560426441306,81.55130842351541,39.300199379572916,20.9059373706846,372,0
87.78700547714844,75.98480452920876,70.88252537608903,8.468834187530682,229,0
36.17113949293651,52.05560994815018,63.73168653619681,46.66931208844084,231,0
36.22578817066049,97.4559501021248,25.723956638792636,48.213209891984185,184,0
71.37511232987735,89.13699539107415,45.72212125918602,84.09087104029072,180,1
45.69961468008265,64.34827979834728,21.750185818715867,22.123869644606398,168,0
25.214434064598375,98.01854613858367,48.85340879618054,38.099127366839994,247,0
45.7195564519424,79.49219789217977,59.746040702064086,80.8405738893691,115,0
17.677131834181985,78.53871025215508,27.11015741588909,82.36236107489735,204,0
20.874828785560098,86.65558579204708,37.333096334549936,38.46110759787682,264,0
49.853099546553175,89.77671961641674,43.87019753012942,45.91240232866809,300,0
42.70329045540931,82.16745175924363,75.17186147936299,30.328589084928293,296,0
87.33613109612901,56.2766915719438,79.59530092537784,93.2554878419312,284,1
37.61545092049698,66.57510779373042,22.694677939736952,11.864376574158031,364,0
57.25295152502391,95.47609837597643,65.66047540972352,93.374942300147,199,1
61.90378591275773,61.00616498034874,42.30344398414059,68.38664518353433,313,0
6.178501092950027,68.23618416803815,43.547491173768805,53.15721526867312,377,0
64.71836348150396,71.17176726426561,65.25589840082137,3.2659060784495875,261,0
21.02323701827763,71.53084449502816,75.10558592872451,47.55961918220083,256,0
91.49632857225096,80.03403954223175,77.0557156701529,40.774810500273226,350,1
18.379645497780167,96.21071604949067,54.627355162299246,16.121881197512256,196,0
42.316171135432135,61.793942879792745,41.42726955803017,65.6409603500657,117,0
12.681470127077947,55.95356743874498,67.25294515152675,97.11509073682858,196,0
94.71868266613527,59.676054003136926,35.060082995738014,56.218881106452514,100,0
50.19755092981183,93.4593201102542,53.84444173001106,71.47532764439458,315,1
58.58465155880394,81.6447298201051,41.51470769149239,6.845045256601678,231,0
11.036882964958473,64.00943267271884,59.397864422472566,41.76669958169947,359,0
72.496442335926,89.98140000946225,34.42393477361041,11.635848516449588,224,0
23.891503378602717,92.20712982180837,31.495576744089547,61.27958355365104,181,0
85.82488604966424,91.47920259582362,75.09434520052622,93.84821582141547,382,1
23.462567643380645,95.02740014833816,26.108220976972213,66.17777324716386,270,0
22.16189485972999,62.35980998849472,50.3574744640959,7.680304831442153,158,0
8.28947010632854,86.99705450856763,33.251166977780535,35.466620498508284,131,0
47.48602505989993,72.56643536643286,22.335797799540046,55.066337944085156,260,0
55.83570199363548,91.25792909161302,22.161129097485585,40.320775613325225,383,1
10.913777548551714,85.69604318091905,30.513306326349642,83.36440104751723,205,1
74.79748550255096,88.04592487848652,72.00622127036002,81.46710047099891,204,1
45.795995127322485,82.15193004637251,36.9487246386216,61.183102010322145,327,0
52.195124239482205,58.694009704015635,77.02755023451775,37.345794513270526,287,0
44.668647224440534,76.70631902594998,54.897337579351614,25.533637376324414,169,0
41.06867547877934,98.2488172367009,46.196851386125964,10.587431821312931,389,1
55.36762981773961,95.93201525835883,54.80533008016727,35.4897683486554,186,0
18.971622133764125,52.11551305405357,51.00190311357606,41.31725172077195,155,0
21.3735317445744,58.07592597074242,65.5265752254395,67.58229251040736,212,0
82.56070589121656,56.45470989927353,36.949763958371136,65.81598242975734,112,0
90.15039159202695,85.57301558927948,41.183023496018144,7.0108139641256955,117,1
38.597838465177766,90.07148116299031,73.64565815199504,39.525931543115775,281,0
29.36702058291984,60.46205694922293,76.78739078902433,18.177886721736193,212,0
62.95995889151142,74.78678195463962,73.55349364918847,15.68127053168057,328,0
41.78607539882868,91.1944483725488,45.16687963743881,82.73021497372459,270,1
7.2847720094310375,85.90727569354628,66.82193018041289,4.191521671625753,394,1
19.053733762957133,76.56962306910057,48.58014399806593,41.91828759021213,288,0
69.43750059626578,78.92703683247987,49.85239112876613,16.82036557665182,178,0
64.30315477191363,74.90966679889772,32.28080654343704,87.9330215678474,245,0
7.438639325313514,64.57987411462221,55.467818195510986,55.704051327503514,281,0
24.97749457396545,77.68607765009179,31.16815386520088,23.1380636376848,385,0
25.796731692926425,83.75537980045445,39.89388194403163,50.24272871663764,349,0
65.47034692388556,92.79282287717957,71.3018120971961,73.14863597031159,295,1
6.773948397892774,81.17827634498316,32.424548552651316,95.81180089194338,170,0
14.369772378611646,87.29495531511475,24.26949711040597,22.044600424541894,347,1
76.99244768358705,57.84351011277408,24.140455556768977,88.61817721293451,245,0
21.069019584890025,72.61631624656971,76.44707123018648,93.43041141674902,205,0
63.74714970666872,50.457249371527574,50.415226277710076,91.64205445320663,362,0
26.436450294205386,62.08726436155953,44.5647243090211,63.54143568619099,395,0
13.949725348341065,85.59662404053724,68.6527148604751,62.982065443470766,169,0
26.88549718995087,98.59868761611881,70.14955567463096,40.32106331838228,292,0
70.00402386700932,54.85972687977358,39.93146198693628,75.23978823037879,167,0
82.01268212956572,69.67322147720313,61.617083448427714,53.12940183509319,151,0
79.71978781102925,89.20347746625882,66.2673689511132,67.74380712282945,384,1
40.74651766566093,59.997746096816044,59.27904121195727,42.84579038487954,108,0
65.12766229135815,77.19916251581202,29.095704488005964,73.14964640431391,350,0
23.448586587423886,85.92049350545406,72.55298501102342,82.4471517604549,397,1
31.383295723491194,80.18328706274878,52.34567316416052,14.64362566028161,283,0
85.67022366690078,59.213211996155394,36.94834558220022,83.2929715574228,278,1
6.170173115966243,67.41384386560124,45.513691126261634,54.029653179030724,297,0
12.695767776902127,88.40579743978446,22.25426542393444,84.46659090902243,227,1
23.70976296314246,77.15709919246882,27.672008073345054,43.13017063410146,119,0
7.387898348643774,50.256251063602726,65.93280503095164,37.904048538303506,164,0
21.329189158081757,87.28854724137659,20.000698085321968,91.50607325172224,281,1
57.473740487272295,51.730256392071716,44.993949708937535,25.11692675484013,340,0
42.92820955332481,86.54095535383038,51.35061086513531,84.42123252861431,123,1
85.34045399692774,59.92154744809663,23.278065200058336,48.40205725094041,182,0
78.56992055645968,96.94560052584963,78.38468977833998,51.40954425512597,284,1
35.76356165280884,68.02909681380214,33.56751987498032,30.8468281489484,198,0
28.348109008816323,66.01964920056588,38.25192317817685,57.30422006190157,161,0
39.17231673505402,57.29551446628979,38.23655073530164,32.52111962762113,385,0
58.1265448263327,64.97460655902053,33.824999727040996,3.926941424165231,121,0
29.125727674058865,92.95588732958183,20.088429325178684,27.199860534435604,311,1
61.17340170642206,98.82038254373512,63.76068764527978,0.6379043406590679,225,0
41.84704869721164,68.04716699483556,78.01072998795712,97.83547870568566,141,0
54.68424627667822,71.9819209167726,33.4576089971027,96.57472098197475,197,0
44.2513876221785,85.38147597193412,59.78283150820535,39.5155297472305,130,0
31.501918358772592,93.42359324278866,64.51377961752291,72.8370854339646,257,1
90.3607976265941,79.05917237515243,70.90552274543148,34.580609841042495,211,0
73.72452147437848,69.18475921071364,45.357751820816546,67.1093157085976,346,0
17.61018581898073,70.21847020158256,38.17585433842575,80.54300430459791,221,0
83.16211783081215,84.08528917834354,39.517708041381866,94.67562446922408,372,1
48.86880784245623,50.15769491660966,62.75727998591077,40.0212275849672,393,0
85.50970042046822,80.35987753553219,69.00676799033816,78.32979829560477,306,1
76.98697303525837,67.41915751162651,30.89683806539616,26.59284506321188,209,0
43.26921540223101,88.91566923257713,42.25646048946591,99.03323037936484,377,1
7.022237748810566,54.55654135133348,74.116411804949,2.5769598764351143,155,0
29.180962344645145,78.82191108047114,68.40161118168436,60.3528806501121,156,0
53.747079319478026,73.56767160442007,79.09150416574855,65.95059816513272,390,0
62.01303978435325,81.47395076935615,65.25489558092485,68.80455570741289,213,0
28.209891688988204,53.17782612966545,43.59171206167534,12.038757878908902,297,0
17.54204666655417,78.41920558397842,55.438270039678265,93.85297834731304,278,0
80.14372131193691,77.51274481001667,59.66085525483922,18.11832790500828,318,0
93.5961962633197,77.47234462639237,24.707348979027437,62.27534032398411,376,1
52.312116407241724,79.57089566322628,52.669817546231904,22.267607912308495,115,0
20.451135726347317,83.14692892409175,62.559249708356575,30.72164170212709,160,0
29.507659386743207,89.44446098435772,30.039278240063624,54.645854172812435,153,0
6.655160889272006,63.2212152862825,66.83790304553344,41.719341856457646,267,0
87.28689259044491,90.42742109882303,55.0263668308467,16.02256009765063,125,1
15.597597460112702,74.41452843090923,77.13330714185568,17.093640242084827,164,0
56.88648279628282,53.77585567758223,22.545337892413503,41.814478816279966,199,0
29.66496986184854,52.86899553295498,35.919568253328016,75.72829782755008,173,0
54.87602022642141,66.37767761610698,56.09323275798944,89.79646468477885,291,0
63.62783495166778,88.45995187846191,37.79359473235584,8.412766225938284,270,0
79.67676233364814,84.67636580230487,62.86544984427453,39.310390755940105,372,1
23.577914458454288,88.64213326894792,65.54031695131586,10.024556372287662,286,0
5.989624579263243,75.34618376563886,26.150957843988465,1.6592480632597884,122,0
17.319706706192655,71.56975089981904,50.831267852406064,66.17186826439566,280,0
86.00167776632946,57.22517380860791,50.53343333546336,60.24494419665878,207,0
83.65010698062638,66.08144492685626,42.156846212932464,16.301911381488623,261,0
58.76717919532775,71.26694894251989,75.97549175418033,23.38128330930641,305,0
59.046517439028804,54.34142105430124,69.65037919239327,2.370775364451838,177,0
64.853300709163,60.80998568284935,61.832562914578205,83.49472056944037,115,0
20.783415076110465,79.3130394091232,62.859598144099856,97.46905960485515,195,0
87.29707513324638,86.0474925977203,47.70296862878715,13.545953679469081,246,1
42.68934724028658,98.91902805825453,75.25967126579455,23.147521376529813,101,0
39.48246754245477,95.72255323583433,61.675725635197125,86.8409523946934,109,1
51.70259347545538,81.48569477722438,63.73886369934899,92.64637979561849,224,0
9.226937009754954,70.64115461140953,71.70145422724072,41.96273828068103,180,0
19.965503188047148,81.1726908707034,36.444295360531456,5.062247226907413,239,0
71.42302547837333,88.49692928593137,68.42425423200217,3.93918336928194,249,0
12.451880113261382,55.79847335524598,31.714436177389523,57.39498660690104,387,0
59.28368985197494,70.08533959511813,40.72051713469327,39.2895108893179,228,0
27.081419871318886,91.15031199614523,40.136627256190565,2.8652427577654516,338,1
40.036605263777886,68.80781464471916,78.71152810334843,58.32523923125568,157,0
30.98243630936299,78.02174129013214,71.39223342487561,1.1302536589022472,297,0
37.01054448184542,78.80069868224771,62.07019169541559,78.73719581492729,310,0
69.71413146658209,59.039336403548326,63.623405696923406,30.643282270337156,144,0
31.740954406085752,67.74953664096213,53.724367664154265,4.02580030092321,196,0
55.976417626720746,66.39105314835467,76.82544002651115,58.835222098315334,378,0
47.84453619791897,51.283638718071174,49.77552517294169,39.76844144330547,122,0
64.73040488263834,51.185396430676406,42.831062592193675,97.38004133571495,143,0
89.31467653922822,90.75315514011291,29.78212021589546,54.41986625037022,126,1
70.93148874892253,63.38046968866781,67.17233913566348,27.52391810370083,381,0
24.34463407316811,75.38585954570195,64.06663592453549,70.94388646339748,196,0
7.806482155515621,64.63755310584988,43.06130231144809,27.149200254271133,135,0
28.60376398698426,96.09328301065167,21.51160483755376,90.42432914075651,208,1
58.55701376302294,62.70554118442291,70.33983966308065,37.47219705073764,154,0
9.628323213582531,71.05318382420782,20.68507900724442,54.98685627762052,291,0
49.67296224811127,92.76378227374549,62.221986777743055,5.0573103824228856,318,1
58.71585640252003,91.25474477279863,78.21542658356341,42.61212379522308,284,0
35.08195017352647,59.11896947446759,46.259679688892206,83.2363539660995,168,0
74.38209833712398,89.32952217998981,34.09840429975716,80.56488053633419,229,1
14.593842782039463,72.45115745015674,62.2922606026029,22.431855885352626,154,0
11.762400356222788,73.6654747321824,69.0276885209351,22.60790710105627,196,0
70.5369880583243,56.540518648381244,52.78581896467084,81.73053122132367,186,0
49.59421845855786,53.94947417409911,78.02211651536877,93.03984201693255,393,0
66.95621567849625,85.66902604171449,23.100123299477666,9.536092127300355,218,0
44.13446047433716,74.3265964654097,50.28773589827169,45.005863942622526,307,0
27.176182991519614,71.4056844281438,63.10723683935301,33.745427896422896,253,0
78.71920859067798,85.74590320396743,71.75842826895074,87.06884554574394,134,1
76.94742910720814,87.51013205056438,30.755336714467404,8.352491468001876,178,1
67.52268237689842,57.78650021579833,68.00020890582088,21.112594255803742,166,0
29.493062350696643,79.90103232440443,53.162424543112714,75.24683375864943,133,0
58.12076001821784,56.63235003160659,43.7932209193978,5.129384898121558,196,0
37.48765072460241,86.81737921542324,27.902901714745614,49.25353807142893,268,0
13.242386599397074,82.19080265708983,71.91774553453475,44.210703467972,268,0
87.55822179160185,96.87411643308944,29.43639249078292,33.44011789887487,250,1
17.313676782706526,53.37894280146464,38.58727155254596,39.457231531892376,170,0
90.52136184387221,52.79568133641146,37.40273191774621,52.99405869302329,102,0
45.140519566216014,63.82716665996681,72.28484205145125,16.136735838838312,131,0
